datetime,open,high,low,close,volume,iv,oi,spot,strike
2021-12-24 13:38:00,1830.0,1830.0,1830.0,1830.0,125,0.0,625,683.0,5000.0
2021-12-24 13:39:00,1830.0,1830.0,1830.0,1830.0,0,0.0,625,683.0,5000.0
2021-12-24 13:40:00,1830.0,1830.0,1830.0,1830.0,0,0.0,625,683.0,5000.0
2021-12-24 13:41:00,1830.0,1830.0,1830.0,1830.0,0,0.0,625,683.0,5000.0
2021-12-24 13:42:00,1830.0,1830.0,1830.0,1830.0,0,0.0,625,683.0,5000.0
2021-12-24 13:43:00,1830.0,1830.0,1830.0,1830.0,0,0.0,625,683.0,5000.0
2021-12-24 13:44:00,1830.0,1830.0,1830.0,1830.0,0,0.0,625,683.0,5000.0
2021-12-24 13:45:00,1830.0,1830.0,1830.0,1830.0,0,0.0,625,683.0,5000.0
2021-12-24 13:46:00,1830.0,1830.0,1830.0,1830.0,0,0.0,625,683.0,5000.0
2021-12-24 13:47:00,1830.0,1830.0,1830.0,1830.0,0,0.0,625,683.0,5000.0
2021-12-24 13:48:00,1830.0,1830.0,1830.0,1830.0,0,0.0,625,683.0,5000.0
2021-12-24 13:49:00,1830.0,1830.0,1830.0,1830.0,0,0.0,625,683.0,5000.0
2021-12-24 13:50:00,1830.0,1830.0,1830.0,1830.0,0,0.0,625,683.0,5000.0
2021-12-24 13:51:00,1830.0,1830.0,1830.0,1830.0,0,0.0,625,683.0,5000.0
2021-12-24 13:52:00,1830.0,1830.0,1830.0,1830.0,0,0.0,625,683.0,5000.0
2021-12-24 13:53:00,1830.0,1830.0,1830.0,1830.0,0,0.0,625,683.0,5000.0
2021-12-24 13:54:00,1830.0,1830.0,1830.0,1830.0,0,0.0,625,683.0,5000.0
2021-12-24 13:55:00,1830.0,1830.0,1830.0,1830.0,0,0.0,625,683.0,5000.0
2021-12-24 13:56:00,1830.0,1830.0,1830.0,1830.0,0,0.0,625,683.0,5000.0
2021-12-24 13:57:00,1830.0,1830.0,1830.0,1830.0,0,0.0,625,683.0,5000.0
2021-12-24 13:58:00,1830.0,1830.0,1830.0,1830.0,0,0.0,625,683.0,5000.0
2021-12-24 13:59:00,1830.0,1830.0,1830.0,1830.0,0,0.0,625,683.0,5000.0
2021-12-24 14:00:00,1830.0,1830.0,1830.0,1830.0,0,0.0,625,683.0,5000.0
2021-12-24 14:01:00,1830.0,1830.0,1830.0,1830.0,0,0.0,625,683.0,5000.0
2021-12-24 14:02:00,1830.0,1830.0,1830.0,1830.0,0,0.0,625,683.0,5000.0
2021-12-24 14:03:00,1830.0,1830.0,1830.0,1830.0,0,0.0,625,683.0,5000.0
2021-12-24 14:04:00,1830.0,1830.0,1830.0,1830.0,0,0.0,625,683.0,5000.0
2021-12-24 14:05:00,1830.0,1830.0,1830.0,1830.0,0,0.0,625,683.0,5000.0
2021-12-24 14:06:00,1830.0,1830.0,1830.0,1830.0,0,0.0,625,683.0,5000.0
2021-12-24 14:07:00,1830.0,1830.0,1830.0,1830.0,0,0.0,625,683.0,5000.0
2021-12-24 14:08:00,1830.0,1830.0,1830.0,1830.0,0,0.0,625,683.0,5000.0
2021-12-24 14:09:00,1830.0,1830.0,1830.0,1830.0,0,0.0,625,683.0,5000.0
2021-12-24 14:10:00,1830.0,1830.0,1830.0,1830.0,0,0.0,625,683.0,5000.0
2021-12-24 14:11:00,1830.0,1830.0,1830.0,1830.0,0,0.0,625,683.0,5000.0
2021-12-24 14:12:00,1830.0,1830.0,1830.0,1830.0,0,0.0,625,683.0,5000.0
2021-12-24 14:13:00,1830.0,1830.0,1830.0,1830.0,0,0.0,625,683.0,5000.0
2021-12-24 14:14:00,1830.0,1830.0,1830.0,1830.0,0,0.0,625,683.0,5000.0
2021-12-24 14:15:00,1830.0,1830.0,1830.0,1830.0,0,0.0,625,683.0,5000.0
2021-12-24 14:16:00,1830.0,1830.0,1830.0,1830.0,0,0.0,625,683.0,5000.0
2021-12-24 14:17:00,1830.0,1830.0,1830.0,1830.0,0,0.0,625,683.0,5000.0
2021-12-24 14:18:00,1830.0,1830.0,1830.0,1830.0,0,0.0,625,683.0,5000.0
2021-12-24 14:19:00,1830.0,1830.0,1830.0,1830.0,0,0.0,625,683.0,5000.0
2021-12-24 14:20:00,1830.0,1830.0,1830.0,1830.0,0,0.0,625,683.0,5000.0
2021-12-24 14:21:00,1830.0,1830.0,1830.0,1830.0,0,0.0,625,683.0,5000.0
2021-12-24 14:22:00,1830.0,1830.0,1830.0,1830.0,0,0.0,625,683.0,5000.0
2021-12-24 14:23:00,1830.0,1830.0,1830.0,1830.0,0,0.0,625,683.0,5000.0
2021-12-24 14:24:00,1830.0,1830.0,1830.0,1830.0,0,0.0,625,683.0,5000.0
2021-12-24 14:25:00,1830.0,1830.0,1830.0,1830.0,0,0.0,625,683.0,5000.0
2021-12-24 14:26:00,1830.0,1830.0,1830.0,1830.0,0,0.0,625,683.0,5000.0
2021-12-24 14:27:00,1830.0,1830.0,1830.0,1830.0,0,0.0,625,683.0,5000.0
2021-12-24 14:28:00,1830.0,1830.0,1830.0,1830.0,0,0.0,625,683.0,5000.0
2021-12-24 14:29:00,1830.0,1830.0,1830.0,1830.0,0,0.0,625,683.0,5000.0
2021-12-24 14:30:00,1830.0,1830.0,1830.0,1830.0,0,0.0,625,683.0,5000.0
2021-12-24 14:31:00,1830.0,1830.0,1830.0,1830.0,0,0.0,625,683.0,5000.0
2021-12-24 14:32:00,1850.0,1850.0,1850.0,1850.0,125,0.0,750,684.5,5000.0
2021-12-24 14:33:00,1850.0,1850.0,1850.0,1850.0,0,0.0,750,684.5,5000.0
2021-12-24 14:34:00,1850.0,1850.0,1850.0,1850.0,0,0.0,750,684.5,5000.0
2021-12-24 14:35:00,1850.0,1850.0,1850.0,1850.0,0,0.0,750,684.5,5000.0
2021-12-24 14:36:00,1850.0,1850.0,1850.0,1850.0,0,0.0,750,684.5,5000.0
2021-12-24 14:37:00,1850.0,1850.0,1850.0,1850.0,0,0.0,750,684.5,5000.0
2021-12-24 14:38:00,1850.0,1850.0,1850.0,1850.0,0,0.0,750,684.5,5000.0
2021-12-24 14:39:00,1850.0,1850.0,1850.0,1850.0,0,0.0,750,684.5,5000.0
2021-12-24 14:40:00,1850.0,1850.0,1850.0,1850.0,0,0.0,750,684.5,5000.0
2021-12-24 14:41:00,1850.0,1850.0,1850.0,1850.0,0,0.0,750,684.5,5000.0
2021-12-24 14:42:00,1850.0,1850.0,1850.0,1850.0,0,0.0,750,684.5,5000.0
2021-12-24 14:43:00,1850.0,1850.0,1850.0,1850.0,0,0.0,750,684.5,5000.0
2021-12-24 14:44:00,1850.0,1850.0,1850.0,1850.0,0,0.0,750,684.5,5000.0
2021-12-24 14:45:00,1850.0,1850.0,1850.0,1850.0,0,0.0,750,684.5,5000.0
2021-12-24 14:46:00,1850.0,1850.0,1850.0,1850.0,0,0.0,750,684.5,5000.0
2021-12-24 14:47:00,1850.0,1850.0,1850.0,1850.0,0,0.0,750,687.2,5000.0
2021-12-24 14:48:00,1850.0,1850.0,1850.0,1850.0,0,0.0,750,684.5,5000.0
2021-12-24 14:49:00,1850.0,1850.0,1850.0,1850.0,0,0.0,750,684.5,5000.0
2021-12-24 14:50:00,1850.0,1850.0,1850.0,1850.0,0,0.0,750,684.5,5000.0
2021-12-24 14:51:00,1850.0,1850.0,1850.0,1850.0,0,0.0,750,684.5,5000.0
2021-12-24 14:52:00,1850.0,1850.0,1850.0,1850.0,0,0.0,750,684.5,5000.0
2021-12-24 14:53:00,1850.0,1850.0,1850.0,1850.0,0,0.0,750,684.5,5000.0
2021-12-24 14:54:00,1850.0,1850.0,1850.0,1850.0,0,0.0,750,684.5,5000.0
2021-12-24 14:55:00,1850.0,1850.0,1850.0,1850.0,0,0.0,750,684.5,5000.0
2021-12-24 14:56:00,1850.0,1850.0,1850.0,1850.0,0,0.0,750,684.5,5000.0
2021-12-24 14:57:00,1850.0,1850.0,1850.0,1850.0,0,0.0,750,684.5,5000.0
2021-12-24 14:58:00,1850.0,1850.0,1850.0,1850.0,0,0.0,750,684.5,5000.0
2021-12-24 14:59:00,1850.0,1850.0,1850.0,1850.0,0,0.0,750,684.5,5000.0
2021-12-24 15:00:00,1850.0,1850.0,1850.0,1850.0,0,0.0,750,684.5,5000.0
2021-12-24 15:01:00,1850.0,1850.0,1850.0,1850.0,0,0.0,750,684.5,5000.0
2021-12-24 15:02:00,1850.0,1850.0,1850.0,1850.0,0,0.0,750,684.5,5000.0
2021-12-24 15:03:00,1850.0,1850.0,1850.0,1850.0,0,0.0,750,684.5,5000.0
2021-12-24 15:04:00,1850.0,1850.0,1850.0,1850.0,0,0.0,750,684.5,5000.0
2021-12-24 15:05:00,1850.0,1850.0,1850.0,1850.0,0,0.0,750,684.5,5000.0
2021-12-24 15:06:00,1850.0,1850.0,1850.0,1850.0,0,0.0,750,684.5,5000.0
2021-12-24 15:07:00,1850.0,1850.0,1850.0,1850.0,0,0.0,750,684.5,5000.0
2021-12-24 15:08:00,1850.0,1850.0,1850.0,1850.0,0,0.0,750,684.5,5000.0
2021-12-24 15:09:00,1850.0,1850.0,1850.0,1850.0,0,0.0,750,684.5,5000.0
2021-12-24 15:10:00,1850.0,1850.0,1850.0,1850.0,0,0.0,750,684.5,5000.0
2021-12-24 15:11:00,1850.0,1850.0,1850.0,1850.0,0,0.0,750,684.5,5000.0
2021-12-24 15:12:00,1850.0,1850.0,1850.0,1850.0,0,0.0,750,684.5,5000.0
2021-12-24 15:13:00,1850.0,1850.0,1850.0,1850.0,0,0.0,750,684.5,5000.0
2021-12-24 15:14:00,1850.0,1850.0,1850.0,1850.0,0,0.0,750,684.5,5000.0
2021-12-24 15:15:00,1850.0,1850.0,1850.0,1850.0,0,0.0,750,684.5,5000.0
2021-12-24 15:16:00,1850.0,1850.0,1850.0,1850.0,0,0.0,750,684.5,5000.0
2021-12-24 15:17:00,1850.0,1850.0,1850.0,1850.0,0,0.0,750,684.5,5000.0
2021-12-24 15:18:00,1850.0,1850.0,1850.0,1850.0,0,0.0,750,684.5,5000.0
2021-12-24 15:19:00,1850.0,1850.0,1850.0,1850.0,0,0.0,750,684.5,5000.0
2021-12-24 15:20:00,1850.0,1850.0,1850.0,1850.0,0,0.0,750,684.5,5000.0
2021-12-24 15:21:00,1850.0,1850.0,1850.0,1850.0,0,0.0,750,684.5,5000.0
2021-12-24 15:22:00,1850.0,1850.0,1850.0,1850.0,0,0.0,750,685.1,5000.0
2021-12-24 15:23:00,1850.0,1850.0,1850.0,1850.0,0,0.0,750,684.5,5000.0
2021-12-24 15:24:00,1850.0,1850.0,1850.0,1850.0,0,0.0,750,684.5,5000.0
2021-12-24 15:25:00,1850.0,1850.0,1850.0,1850.0,0,0.0,750,684.5,5000.0
2021-12-24 15:26:00,1850.0,1850.0,1850.0,1850.0,0,0.0,750,684.5,5000.0
2021-12-24 15:27:00,1850.0,1850.0,1850.0,1850.0,0,0.0,750,684.5,5000.0
2021-12-24 15:28:00,1850.0,1850.0,1850.0,1850.0,0,0.0,750,684.5,5000.0
2021-12-24 15:29:00,1850.0,1850.0,1850.0,1850.0,0,0.0,750,684.5,5000.0
2021-12-30 13:41:00,2215.0,2215.0,2215.0,2215.0,125,0.0,125,691.1,4700.0
2021-12-30 13:42:00,2215.0,2215.0,2215.0,2215.0,0,0.0,125,691.1,4700.0
2021-12-30 13:43:00,2215.0,2215.0,2215.0,2215.0,0,0.0,125,691.1,4700.0
2021-12-30 13:44:00,2215.0,2215.0,2215.0,2215.0,0,0.0,125,691.1,4700.0
2021-12-30 13:45:00,2215.0,2215.0,2215.0,2215.0,0,0.0,125,691.1,4700.0
2021-12-30 13:46:00,2215.0,2215.0,2215.0,2215.0,0,0.0,125,691.1,4700.0
2021-12-30 13:47:00,2215.0,2215.0,2215.0,2215.0,0,0.0,125,691.1,4700.0
2021-12-30 13:48:00,2215.0,2215.0,2215.0,2215.0,0,0.0,125,691.1,4700.0
2021-12-30 13:49:00,2215.0,2215.0,2215.0,2215.0,0,0.0,125,691.1,4700.0
2021-12-30 13:50:00,2215.0,2215.0,2215.0,2215.0,0,0.0,125,691.1,4700.0
2021-12-30 13:51:00,2215.0,2215.0,2215.0,2215.0,0,0.0,125,691.1,4700.0
2021-12-30 13:52:00,2215.0,2215.0,2215.0,2215.0,0,0.0,125,691.1,4700.0
2021-12-30 13:53:00,2215.0,2215.0,2215.0,2215.0,0,0.0,125,691.1,4700.0
2021-12-30 13:54:00,2215.0,2215.0,2215.0,2215.0,0,0.0,125,691.1,4700.0
2021-12-30 13:55:00,2215.0,2215.0,2215.0,2215.0,0,0.0,125,691.1,4700.0
2021-12-30 13:56:00,2215.0,2215.0,2215.0,2215.0,0,0.0,125,691.1,4700.0
2021-12-30 13:57:00,2215.0,2215.0,2215.0,2215.0,0,0.0,125,691.1,4700.0
2021-12-30 13:58:00,2215.0,2215.0,2215.0,2215.0,0,0.0,125,691.1,4700.0
2021-12-30 13:59:00,2215.0,2215.0,2215.0,2215.0,0,0.0,125,691.1,4700.0
2021-12-30 14:00:00,2215.0,2215.0,2215.0,2215.0,0,0.0,125,691.1,4700.0
2021-12-30 14:01:00,2215.0,2215.0,2215.0,2215.0,0,0.0,125,691.1,4700.0
2021-12-30 14:02:00,2215.0,2215.0,2215.0,2215.0,0,0.0,125,691.1,4700.0
2021-12-30 14:03:00,2215.0,2215.0,2215.0,2215.0,0,0.0,125,691.1,4700.0
2021-12-30 14:04:00,2215.0,2215.0,2215.0,2215.0,0,0.0,125,691.1,4700.0
2021-12-30 14:05:00,2215.0,2215.0,2215.0,2215.0,0,0.0,125,691.1,4700.0
2021-12-30 14:06:00,2215.0,2215.0,2215.0,2215.0,0,0.0,125,691.1,4700.0
2021-12-30 14:07:00,2215.0,2215.0,2215.0,2215.0,0,0.0,125,691.1,4700.0
2021-12-30 14:08:00,2215.0,2215.0,2215.0,2215.0,0,0.0,125,691.1,4700.0
2021-12-30 14:09:00,2215.0,2215.0,2215.0,2215.0,0,0.0,125,691.1,4700.0
2021-12-30 14:10:00,2215.0,2215.0,2215.0,2215.0,0,0.0,125,691.1,4700.0
2021-12-30 14:11:00,2215.0,2215.0,2215.0,2215.0,0,0.0,125,691.1,4700.0
2021-12-30 14:12:00,2215.0,2215.0,2215.0,2215.0,0,0.0,125,691.1,4700.0
2021-12-30 14:13:00,2215.0,2215.0,2215.0,2215.0,0,0.0,125,691.1,4700.0
2021-12-30 14:14:00,2215.0,2215.0,2215.0,2215.0,0,0.0,125,691.1,4700.0
2021-12-30 14:15:00,2215.0,2215.0,2215.0,2215.0,0,0.0,125,691.1,4700.0
2021-12-30 14:16:00,2215.0,2215.0,2215.0,2215.0,0,0.0,125,691.1,4700.0
2021-12-30 14:17:00,2215.0,2215.0,2215.0,2215.0,0,0.0,125,691.1,4700.0
2021-12-30 14:18:00,2215.0,2215.0,2215.0,2215.0,0,0.0,125,691.1,4700.0
2021-12-30 14:19:00,2215.0,2215.0,2215.0,2215.0,0,0.0,125,691.1,4700.0
2021-12-30 14:20:00,2215.0,2215.0,2215.0,2215.0,0,0.0,125,691.1,4700.0
2021-12-30 14:21:00,2215.0,2215.0,2215.0,2215.0,0,0.0,125,691.1,4700.0
2021-12-30 14:22:00,2215.0,2215.0,2215.0,2215.0,0,0.0,125,691.1,4700.0
2021-12-30 14:23:00,2215.0,2215.0,2215.0,2215.0,0,0.0,125,691.1,4700.0
2021-12-30 14:24:00,2215.0,2215.0,2215.0,2215.0,0,0.0,125,691.1,4700.0
2021-12-30 14:25:00,2215.0,2215.0,2215.0,2215.0,0,0.0,125,691.1,4700.0
2021-12-30 14:26:00,2215.0,2215.0,2215.0,2215.0,0,0.0,125,691.1,4700.0
2021-12-30 14:27:00,2215.0,2215.0,2215.0,2215.0,0,0.0,125,691.1,4700.0
2021-12-30 14:28:00,2215.0,2215.0,2215.0,2215.0,0,0.0,125,691.1,4700.0
2021-12-30 14:29:00,2215.0,2215.0,2215.0,2215.0,0,0.0,125,691.1,4700.0
2021-12-30 14:30:00,2215.0,2215.0,2215.0,2215.0,0,0.0,125,691.1,4700.0
2021-12-30 14:31:00,2215.0,2215.0,2215.0,2215.0,0,0.0,125,691.1,4700.0
2021-12-30 14:32:00,2215.0,2215.0,2215.0,2215.0,0,0.0,125,691.1,4700.0
2021-12-30 14:33:00,2215.0,2215.0,2215.0,2215.0,0,0.0,125,691.1,4700.0
2021-12-30 14:34:00,2215.0,2215.0,2215.0,2215.0,0,0.0,125,691.1,4700.0
2021-12-30 14:35:00,2215.0,2215.0,2215.0,2215.0,0,0.0,125,691.1,4700.0
2021-12-30 14:36:00,2215.0,2215.0,2215.0,2215.0,0,0.0,125,691.1,4700.0
2021-12-30 14:37:00,2215.0,2215.0,2215.0,2215.0,0,0.0,125,691.1,4700.0
2021-12-30 14:38:00,2215.0,2215.0,2215.0,2215.0,0,0.0,125,691.1,4700.0
2021-12-30 14:39:00,2215.0,2215.0,2215.0,2215.0,0,0.0,125,691.1,4700.0
2021-12-30 14:40:00,2215.0,2215.0,2215.0,2215.0,0,0.0,125,691.1,4700.0
2021-12-30 14:41:00,2215.0,2215.0,2215.0,2215.0,0,0.0,125,691.1,4700.0
2021-12-30 14:42:00,2215.0,2215.0,2215.0,2215.0,0,0.0,125,691.1,4700.0
2021-12-30 14:43:00,2215.0,2215.0,2215.0,2215.0,0,0.0,125,691.1,4700.0
2021-12-30 14:44:00,2215.0,2215.0,2215.0,2215.0,0,0.0,125,691.1,4700.0
2021-12-30 14:45:00,2215.0,2215.0,2215.0,2215.0,0,0.0,125,691.1,4700.0
2021-12-30 14:46:00,2215.0,2215.0,2215.0,2215.0,0,0.0,125,691.1,4700.0
2021-12-30 14:47:00,2215.0,2215.0,2215.0,2215.0,0,0.0,125,691.1,4700.0
2021-12-30 14:48:00,2215.0,2215.0,2215.0,2215.0,0,0.0,125,691.1,4700.0
2021-12-30 14:49:00,2215.0,2215.0,2215.0,2215.0,0,0.0,125,691.1,4700.0
2021-12-30 14:50:00,2215.0,2215.0,2215.0,2215.0,0,0.0,125,691.1,4700.0
2021-12-30 14:51:00,2215.0,2215.0,2215.0,2215.0,0,0.0,125,691.1,4700.0
2021-12-30 14:52:00,2215.0,2215.0,2215.0,2215.0,0,0.0,125,691.1,4700.0
2021-12-30 14:53:00,2215.0,2215.0,2215.0,2215.0,0,0.0,125,691.1,4700.0
2021-12-30 14:54:00,2215.0,2215.0,2215.0,2215.0,0,0.0,125,691.1,4700.0
2021-12-30 14:55:00,2215.0,2215.0,2215.0,2215.0,0,0.0,125,691.1,4700.0
2021-12-30 14:56:00,2215.0,2215.0,2215.0,2215.0,0,0.0,125,691.1,4700.0
2021-12-30 14:57:00,2215.0,2215.0,2215.0,2215.0,0,0.0,125,691.1,4700.0
2021-12-30 14:58:00,2215.0,2215.0,2215.0,2215.0,0,0.0,125,691.1,4700.0
2021-12-30 14:59:00,2215.0,2215.0,2215.0,2215.0,0,0.0,125,691.1,4700.0
2021-12-30 15:00:00,2215.0,2215.0,2215.0,2215.0,0,0.0,125,691.1,4700.0
2021-12-30 15:01:00,2215.0,2215.0,2215.0,2215.0,0,0.0,125,691.1,4700.0
2021-12-30 15:02:00,2215.0,2215.0,2215.0,2215.0,0,0.0,125,691.1,4700.0
2021-12-30 15:03:00,2215.0,2215.0,2215.0,2215.0,0,0.0,125,691.1,4700.0
2021-12-30 15:04:00,2215.0,2215.0,2215.0,2215.0,0,0.0,125,691.1,4700.0
2021-12-30 15:05:00,2215.0,2215.0,2215.0,2215.0,0,0.0,125,691.1,4700.0
2021-12-30 15:06:00,2215.0,2215.0,2215.0,2215.0,0,0.0,125,691.1,4700.0
2021-12-30 15:07:00,2215.0,2215.0,2215.0,2215.0,0,0.0,125,691.1,4700.0
2021-12-30 15:08:00,2215.0,2215.0,2215.0,2215.0,0,0.0,125,691.1,4700.0
2021-12-30 15:09:00,2215.0,2215.0,2215.0,2215.0,0,0.0,125,691.1,4700.0
2021-12-30 15:10:00,2215.0,2215.0,2215.0,2215.0,0,0.0,125,691.1,4700.0
2021-12-30 15:11:00,2215.0,2215.0,2215.0,2215.0,0,0.0,125,691.1,4700.0
2021-12-30 15:12:00,2215.0,2215.0,2215.0,2215.0,0,0.0,125,691.1,4700.0
2021-12-30 15:13:00,2215.0,2215.0,2215.0,2215.0,0,0.0,125,691.1,4700.0
2021-12-30 15:14:00,2215.0,2215.0,2215.0,2215.0,0,0.0,125,691.1,4700.0
2021-12-30 15:15:00,2215.0,2215.0,2215.0,2215.0,0,0.0,125,691.1,4700.0
2021-12-30 15:16:00,2215.0,2215.0,2215.0,2215.0,0,0.0,125,691.1,4700.0
2021-12-30 15:17:00,2215.0,2215.0,2215.0,2215.0,0,0.0,125,691.1,4700.0
2021-12-30 15:18:00,2215.0,2215.0,2215.0,2215.0,0,0.0,125,691.1,4700.0
2021-12-30 15:19:00,2215.0,2215.0,2215.0,2215.0,0,0.0,125,691.1,4700.0
2021-12-30 15:20:00,2215.0,2215.0,2215.0,2215.0,0,0.0,125,691.1,4700.0
2021-12-30 15:21:00,2215.0,2215.0,2215.0,2215.0,0,0.0,125,691.1,4700.0
2021-12-30 15:22:00,2215.0,2215.0,2215.0,2215.0,0,0.0,125,691.1,4700.0
2021-12-30 15:23:00,2215.0,2215.0,2215.0,2215.0,0,0.0,125,691.1,4700.0
2021-12-30 15:24:00,2215.0,2215.0,2215.0,2215.0,0,0.0,125,691.1,4700.0
2021-12-30 15:25:00,2215.0,2215.0,2215.0,2215.0,0,0.0,125,691.1,4700.0
2021-12-30 15:26:00,2215.0,2215.0,2215.0,2215.0,0,0.0,125,691.1,4700.0
2021-12-30 15:27:00,2215.0,2215.0,2215.0,2215.0,0,0.0,125,691.1,4700.0
2021-12-30 15:28:00,2215.0,2215.0,2215.0,2215.0,0,0.0,125,691.1,4700.0
2021-12-30 15:29:00,2215.0,2215.0,2215.0,2215.0,0,0.0,125,691.1,4700.0
